id,name,username,password,email,role,created_at,created_by,updated_at,updated_by,deleted_at
100001,Tô Minh Trí,jackytank,$2b$10$l5Nj3/7Suo5o3QBolYbPOukhooN1w4V9uALgxVMQg8c94mEuLwqFO,test@gmail.com,3,1671087888000,superman,1671428984000,,
100002,HerName,jackytank-right,$2b$10$b1p3nGHUkBs1Z2Ik19goXufZHKejsbO3YiqvlD8tOr0nNt15AYBUO,batman@gmail.com,2,1670483088000,jackytank,1671516952000,,
100003,UpdateCsv11,jackytank11,1221,testright@gmail.com,2,1671087888000,superman,1671438560000,,
100004,Diana Prince,wonderwoman,1221,ww@gmail.com,1,1671087888000,superman,,,
100005,Diana Prince,wonderwoman,1221,ww@gmail.com,1,1671087888000,superman,,,
100007,well,wonderwoman,1221,ww@gmail.com,1,1671087888000,superman,,,
100008,wellhohoho,wonderwoman,1221,ww@gmail.com,1,1671087888000,superman,,,
100010,Mr.ArGHENtina,ArGHENtina,$2b$10$wdFflWl7HbRpmyxrOI7DWeARG9r//W4QwUDMLQ.Ej3ikr616AVgw2,arGHENtina@gmail.com,2,1671090829000,,1671090854000,,
100011,RealMaroc,marocisreal,$2b$10$RGlIFZ/RtoXtfjkcTcAAeuNN1un5es7reuVTmrNmN2.T3NFEPElwy,marocisreal@gmail.com,1,1671090906000,,,,
100012,Mlem,mlem,$2b$10$G3QMpMbz8cmHhJO8y3lBH.gtA9FvXO9AVeEkf98a9qAhkyAzaI9ua,mlem@gmail.com,2,1671090926000,,,,
100014,QuatDoHeo,QuatDoHeo,$2b$10$5mj3fgUK9qGDLLajrmBlc.oYt4VTxX/xCX6DiRsIwyvjE5ixbF/.S,QuatDoHeo@gmail.com,3,1671096946000,,1671096981000,,
100015,chymcut,chymcut,$2b$10$rO7RFAwaVJX1iAh1RflGNOju1f59xVxfQ4Lo2hurbAkuRDOgsnehO,ww3@gmail.com,1,1671097810000,,,,
100016,hohoho,hohoho,$2b$10$4cGDBj.K9oFe9VNq6ZPgHOBDqMbES6ipiniL0QlKl86bj4VMeJGje,hohoho@gmail.com,1,1671098545000,,,,
100017,ValidateIsReal,ValidateIsReal,$2b$10$DC14hGM0K8V6tbvpeIfSfOKVxJ.ZE2HrhFA5DP62QKnyw0FhV9bY6,validation@gmail.com,2,1671153653000,,1671153667000,,
100062,testsignup012,wonderwoman2,$2b$10$OwaS0Wx7rR2aahl6gPKWkOtaS3wRio1cyhBYdtROsFJcnBkvwhgu2,testsignup021@gmail.com,1,1671499850000,,,,
100063,Andie Lifton,alifton0,Mv4ZyPnY3,alifton0@sciencedirect.com,1,,,,,
100064,Lanny Linton,llinton1,D28TzYeMgb,llinton1@usa.gov,1,,,,,
100065,Lucky Landells,llandells2,feZ4yHZY9BY,llandells2@time.com,1,,,,,
100066,Nonnah Merfin,nmerfin3,zVYsqM7cP0,nmerfin3@privacy.gov.au,1,,,,,
100067,Brit Beningfield,bbeningfield4,z8T1C8HdbE,bbeningfield4@washington.edu,1,,,,,
100068,Brana Cutress,bcutress5,84uWfiUbgnL,bcutress5@xrea.com,1,,,,,
100069,Persis Corps,pcorps6,lvr2wHVo8o,pcorps6@networkadvertising.org,1,,,,,
100070,Sal Gobeau,sgobeau7,jyz0kQaudmJy,sgobeau7@msn.com,1,,,,,
100071,Clem Ebbens,cebbens8,IS5MAA9,cebbens8@soundcloud.com,1,,,,,
100072,Susannah McCafferty,smccafferty9,g8PZGrkmQ,smccafferty9@etsy.com,1,,,,,
100073,Titus Sertin,tsertina,l4L9XpItCzl,tsertina@nih.gov,1,,,,,
100074,Hana Gayle,hgayleb,5tpcKt8,hgayleb@pinterest.com,1,,,,,
100075,Giuseppe De Blasi,gdec,DsjMYGahy,gdec@gizmodo.com,1,,,,,
100076,Merl Cullingworth,mcullingworthd,UvTEsGF,mcullingworthd@mit.edu,1,,,,,
100077,Adrianna Cornils,acornilse,cUgfgMOWpHbu,acornilse@vinaora.com,1,,,,,
100078,Lazar Brearty,lbreartyf,EuUvkQIx4A,lbreartyf@nba.com,1,,,,,
100079,Isis MacAvddy,imacavddyg,uFNlS4ww,imacavddyg@ca.gov,1,,,,,
100080,Giovanni Titman,gtitmanh,6C2xcqHdpQ,gtitmanh@miitbeian.gov.cn,1,,,,,
100081,Carita Livingston,clivingstoni,OwlYbXW5,clivingstoni@cbsnews.com,1,,,,,
100082,Glori Stuckey,gstuckeyj,1yaDWnRH,gstuckeyj@arizona.edu,1,,,,,
100083,Emilio McPhee,emcpheek,RwyUfhRPdCWF,emcpheek@creativecommons.org,1,,,,,
100084,Franz Logesdale,flogesdalel,ynyEYsiAhBMU,flogesdalel@ibm.com,1,,,,,
100085,Zacharia Danit,zdanitm,8sPpuu9Bm,zdanitm@discuz.net,1,,,,,
100086,Rozelle Gwalter,rgwaltern,LKNQ3kqUC,rgwaltern@berkeley.edu,1,,,,,
100087,Danit Goodbairn,dgoodbairno,ePSNUfyE,dgoodbairno@rakuten.co.jp,1,,,,,
100088,Jackie Whyatt,jwhyattp,eP0cSsVFe,jwhyattp@narod.ru,1,,,,,
100089,Skylar Dabes,sdabesq,FylQwz,sdabesq@vinaora.com,1,,,,,
100090,Mari Borth,mborthr,isjK6qki5Wb,mborthr@whitehouse.gov,1,,,,,
100091,Sutherlan Elcome,selcomes,8mdn1H6S,selcomes@slideshare.net,1,,,,,
100092,Maurie Garrat,mgarratt,ahJiRxR,mgarratt@bigcartel.com,1,,,,,
100093,Happy Vamplers,hvamplersu,eeQNuwh2YbIn,hvamplersu@nsw.gov.au,1,,,,,
100094,Windy Winkett,wwinkettv,8iiK2kdSHLV,wwinkettv@wired.com,1,,,,,
100095,Nicola Lethley,nlethleyw,9mSUa0,nlethleyw@over-blog.com,1,,,,,
100096,Drusie Yandell,dyandellx,nEJ2fc,dyandellx@ed.gov,1,,,,,
100097,Shepperd Kenyam,skenyamy,xRkhiAnSZpm,skenyamy@cbslocal.com,1,,,,,
100098,Catlin Curgenuer,ccurgenuerz,ZqLS2IC2Mtfb,ccurgenuerz@imgur.com,1,,,,,
100099,Amos Sindell,asindell10,o3T3oHmRt,asindell10@ucoz.com,1,,,,,
